DateTime,RaisedAmount
2023-10-07 11:12:27,3367981.0
2023-10-07 11:13:12,3369090.0
2023-10-07 11:21:20,3373265.0
2023-10-07 11:24:33,3373784.0
2023-10-07 11:25:38,3374234.0
2023-10-07 11:26:42,3375734.0
2023-10-07 11:27:46,3378783.0
2023-10-07 11:28:50,3379633.0
2023-10-07 11:30:59,3381583.0
2023-10-07 11:33:08,3383533.0
2023-10-07 11:34:12,3386592.0
2023-10-07 11:35:16,3387042.0
2023-10-07 11:38:29,3387892.0
2023-10-07 11:39:33,3391020.0
2023-10-07 11:41:42,3391870.0
2023-10-07 11:42:46,3389661.0
2023-10-07 11:43:50,3391870.0
2023-10-07 11:44:54,3392720.0
2023-10-07 11:45:59,3393170.0
2023-10-07 11:47:03,3394020.0
2023-10-07 11:48:08,3394358.0
2023-10-07 12:14:49,3421534.0
2023-10-07 12:19:39,3425502.0
2023-10-07 12:22:54,3428571.0
2023-10-07 12:23:58,3429280.0
2023-10-07 12:24:34,3429730.0
2023-10-07 12:25:49,3429979.0
2023-10-07 12:26:39,3430048.0
2023-10-07 12:28:23,3430498.0
2023-10-07 12:30:07,3432707.0
2023-10-07 12:30:29,3433157.0
2023-10-07 12:36:48,3436407.0
2023-10-07 12:37:30,3439325.0
2023-10-07 12:37:55,3440244.0
2023-10-07 12:39:54,3441094.0
2023-10-07 12:47:05,3441592.0
2023-10-07 12:48:06,3445942.0
2023-10-07 12:49:07,3446651.0
2023-10-07 12:50:08,3446402.0
2023-10-07 12:51:09,3448421.0
2023-10-07 12:54:13,3451871.0
2023-10-07 12:55:14,3454080.0
2023-10-07 12:57:16,3454169.0
2023-10-07 12:58:17,3457819.0
2023-10-07 13:01:20,3459319.0
2023-10-07 13:02:22,3460428.0
2023-10-07 13:03:23,3462637.0
2023-10-07 13:05:25,3465696.0
2023-10-07 13:07:27,3467715.0
2023-10-07 13:08:28,3468565.0
2023-10-07 13:11:32,3470334.0
2023-10-07 13:13:34,3471811.0
2023-10-07 13:14:35,3472261.0
2023-10-07 13:15:36,3472711.0
2023-10-07 13:16:38,3474661.0
2023-10-07 13:17:39,3475511.0
2023-10-07 13:18:40,3477911.0
2023-10-07 13:19:41,3479861.0
2023-10-07 13:20:42,3482989.0
2023-10-07 13:21:43,3483078.0
2023-10-07 13:23:45,3485028.0
2023-10-07 13:24:47,3485878.0
2023-10-07 13:30:02,3486127.0
2023-10-07 13:32:10,3487686.0
2023-10-07 13:32:50,3487775.0
2023-10-07 13:33:36,3488034.0
2023-10-07 13:34:33,3489983.0
2023-10-07 13:35:42,3490242.0
2023-10-07 13:36:51,3490560.0
2023-10-07 13:37:52,3491010.0
2023-10-07 13:38:53,3492710.0
2023-10-07 13:40:55,3493560.0
2023-10-07 13:43:58,3493809.0
2023-10-07 13:44:59,3494918.0
2023-10-07 13:48:05,3496707.0
2023-10-07 13:51:08,3498335.0
2023-10-07 13:52:09,3500544.0
2023-10-07 13:53:10,3500793.0
2023-10-07 13:56:13,3501243.0
2023-10-07 13:58:15,3501312.0
2023-10-07 13:59:16,3501762.0
2023-10-07 14:00:17,3502662.0
2023-10-07 14:01:18,3505321.0
2023-10-07 14:02:19,3506089.0
2023-10-07 14:03:20,3508298.0
2023-10-07 14:05:21,3509148.0
2023-10-07 14:06:22,3509466.0
2023-10-07 14:07:23,3510316.0
2023-10-07 14:08:24,3510405.0
2023-10-07 14:09:25,3511255.0
2023-10-07 14:12:28,3510664.0
2023-10-07 14:13:28,3511964.0
2023-10-07 14:14:29,3512814.0
2023-10-07 14:15:30,3515364.0
2023-10-07 14:16:31,3517764.0
2023-10-07 14:17:32,3519714.0
2023-10-07 14:19:34,3519963.0
2023-10-07 14:23:37,3521782.0
2023-10-07 14:24:37,3523732.0
2023-10-07 14:25:38,3524582.0
2023-10-07 14:26:39,3524841.0
2023-10-07 14:28:41,3525760.0
2023-10-07 14:29:42,3527129.0
2023-10-07 14:31:44,3528829.0
2023-10-07 14:33:18,3529088.0
2023-10-07 14:34:19,3530007.0
2023-10-07 14:37:22,3532026.0
2023-10-07 14:39:24,3532285.0
2023-10-07 14:40:25,3534235.0
2023-10-07 14:43:27,3536444.0
2023-10-07 14:44:29,3538394.0
2023-10-07 14:52:35,3540344.0
2023-10-07 14:54:37,3542553.0
2023-10-07 14:57:40,3542891.0
2023-10-07 14:58:41,3543341.0
2023-10-07 14:59:41,3543689.0
2023-10-07 15:00:42,3543758.0
2023-10-07 15:01:43,3544007.0
2023-10-07 15:03:45,3546807.0
2023-10-07 15:04:46,3548507.0
2023-10-07 15:05:47,3550457.0
2023-10-07 15:07:48,3550706.0
2023-10-07 15:08:49,3550955.0
2023-10-07 15:09:50,3551805.0
2023-10-07 15:10:51,3552773.0
2023-10-07 15:11:52,3553101.0
2023-10-07 15:12:53,3554449.0
2023-10-07 15:13:54,3554899.0
2023-10-07 15:14:55,3555349.0
2023-10-07 15:15:56,3553488.0
2023-10-07 15:17:58,3553938.0
2023-10-07 15:18:59,3556738.0
2023-10-07 15:20:00,3559265.0
2023-10-07 15:22:02,3560893.0
2023-10-07 15:24:04,3561743.0
2023-10-07 15:25:04,3562842.0
2023-10-07 15:26:06,3563551.0
2023-10-07 15:27:06,3565501.0
2023-10-07 15:28:07,3567451.0
2023-10-07 15:29:08,3567970.0
2023-10-07 15:30:09,3569270.0
2023-10-07 15:32:11,3570239.0
2023-10-07 15:33:12,3570498.0
2023-10-07 15:34:13,3572448.0
2023-10-07 15:37:15,3574657.0
2023-10-07 15:44:21,3574906.0
2023-10-07 15:45:22,3577306.0
2023-10-07 15:46:23,3579256.0
2023-10-07 15:48:25,3582194.0
2023-10-07 15:49:26,3582644.0
2023-10-07 15:50:27,3586872.0
2023-10-07 15:51:28,3587121.0
2023-10-07 15:53:30,3587571.0
2023-10-07 15:54:30,3590029.0
2023-10-07 15:56:32,3593538.0
2023-10-07 15:57:33,3594507.0
2023-10-07 16:01:36,3596277.0
2023-10-07 16:02:37,3596785.0
2023-10-07 16:04:39,3599185.0
2023-10-07 16:07:42,3601985.0
2023-10-07 16:08:43,3602904.0
2023-10-07 16:10:44,3604854.0
2023-10-07 16:11:45,3604253.0
2023-10-07 16:15:49,3605953.0
2023-10-07 16:16:49,3608681.0
2023-10-07 16:18:51,3609581.0
2023-10-07 16:19:52,3610031.0
2023-10-07 16:20:53,3610481.0
2023-10-07 16:21:54,3611000.0
2023-10-07 16:22:55,3611450.0
2023-10-07 16:23:56,3613400.0
2023-10-07 16:26:59,3617378.0
2023-10-07 16:30:01,3620427.0
2023-10-07 16:32:03,3622377.0
2023-10-07 16:33:04,3623936.0
2023-10-07 16:34:05,3624185.0
2023-10-07 16:35:06,3624254.0
2023-10-07 16:37:07,3627432.0
2023-10-07 16:41:11,3627681.0
2023-10-07 16:46:16,3630150.0
2023-10-07 16:48:17,3632100.0
2023-10-07 16:49:18,3634109.0
2023-10-07 16:50:19,3635859.0
2023-10-07 16:51:20,3636378.0
2023-10-07 16:52:21,3638328.0
2023-10-07 16:53:22,3639697.0
2023-10-07 16:54:23,3640147.0
2023-10-07 16:55:24,3642097.0
2023-10-07 16:57:25,3643866.0
2023-10-07 16:58:26,3644316.0
2023-10-07 16:59:27,3644565.0
2023-10-07 17:01:29,3647624.0
2023-10-07 17:02:29,3649574.0
2023-10-07 17:03:30,3651524.0
2023-10-07 17:05:32,3652824.0
2023-10-07 17:06:33,3658674.0
2023-10-07 17:07:34,3659124.0
2023-10-07 17:08:35,3660043.0
2023-10-07 17:09:36,3660582.0
2023-10-07 17:10:37,3661432.0
2023-10-07 17:13:39,3661760.0
2023-10-07 17:16:42,3662610.0
2023-10-07 17:17:43,3663719.0
2023-10-07 17:20:46,3664688.0
2023-10-07 17:25:51,3667505.0
2023-10-07 17:26:51,3667955.0
2023-10-07 17:27:52,3668453.0
2023-10-07 17:28:53,3669552.0
2023-10-07 17:34:59,3670002.0
2023-10-07 17:39:02,3670071.0
2023-10-07 17:40:03,3670770.0
2023-10-07 17:44:06,3671220.0
2023-10-07 17:45:07,3673429.0
2023-10-07 17:46:07,3673879.0
2023-10-07 17:47:08,3676347.0
2023-10-07 17:48:09,3679147.0
2023-10-07 17:49:10,3681235.0
2023-10-07 17:53:13,3681304.0
2023-10-07 17:55:15,3681754.0
2023-10-07 17:56:16,3682204.0
2023-10-07 18:26:34,3702957.0
2023-10-07 18:28:41,3703666.0
2023-10-07 18:30:42,3703724.0
2023-10-07 18:31:43,3705074.0
2023-10-07 18:33:45,3707342.0
2023-10-07 18:34:46,3707591.0
2023-10-07 18:35:47,3711150.0
2023-10-07 18:36:48,3711399.0
2023-10-07 18:37:49,3712249.0
2023-10-07 18:38:50,3712958.0
2023-10-07 18:39:51,3713808.0
2023-10-07 18:41:53,3714258.0
2023-10-07 18:42:54,3718476.0
2023-10-07 18:43:55,3718926.0
2023-10-07 18:44:55,3721326.0
2023-10-07 18:45:56,3723276.0
2023-10-07 18:46:57,3724126.0
2023-10-07 18:47:58,3725026.0
2023-10-07 18:48:59,3726976.0
2023-10-07 18:50:00,3727436.0
2023-10-07 18:51:01,3728604.0
2023-10-07 18:52:02,3730554.0
2023-10-07 18:53:03,3731004.0
2023-10-07 18:57:07,3733213.0
2023-10-07 18:58:08,3733663.0
2023-10-07 18:59:09,3735363.0
2023-10-07 19:02:11,3737313.0
2023-10-07 19:03:12,3737562.0
2023-10-07 19:04:13,3737821.0
2023-10-07 19:05:14,3739771.0
2023-10-07 19:07:16,3740279.0
2023-10-07 19:10:19,3740729.0
2023-10-07 19:11:20,3741248.0
2023-10-07 19:12:21,3741698.0
2023-10-07 19:13:22,3742148.0
2023-10-07 19:19:27,3744298.0
2023-10-07 19:20:28,3746957.0
2023-10-07 19:22:30,3750265.0
2023-10-07 19:23:31,3752215.0
2023-10-07 19:25:33,3753134.0
2023-10-07 19:27:35,3755534.0
2023-10-07 19:29:37,3757484.0
2023-10-07 19:30:39,3758334.0
2023-10-07 19:34:43,3758784.0
2023-10-07 19:35:44,3761912.0
2023-10-07 19:37:46,3763862.0
2023-10-07 19:39:47,3763872.0
2023-10-07 19:40:48,3764380.0
2023-10-07 19:42:50,3765230.0
2023-10-07 19:44:52,3765680.0
2023-10-07 19:46:53,3766530.0
2023-10-07 19:47:55,3768480.0
2023-10-07 19:54:00,3768930.0
2023-10-07 19:56:03,3769629.0
2023-10-07 19:57:03,3770079.0
2023-10-07 20:00:06,3770529.0
2023-10-07 20:07:13,3773188.0
2023-10-07 20:09:15,3773638.0
2023-10-07 20:12:17,3776697.0
2023-10-07 20:14:19,3777547.0
2023-10-07 20:17:22,3779247.0
2023-10-07 20:18:23,3780616.0
2023-10-07 20:21:26,3781135.0
2023-10-07 20:22:27,3781453.0
2023-10-07 20:23:28,3781903.0
2023-10-07 20:25:30,3782612.0
2023-10-07 20:28:32,3783912.0
2023-10-07 20:30:34,3785212.0
2023-10-07 20:40:43,3785731.0
2023-10-07 20:41:44,3786181.0
2023-10-07 20:43:46,3786529.0
2023-10-07 20:45:48,3788479.0
2023-10-07 20:46:49,3790429.0
2023-10-07 20:48:51,3790948.0
2023-10-07 20:49:52,3791017.0
2023-10-07 20:51:54,3791106.0
2023-10-07 20:52:55,3789156.0
2023-10-07 20:54:56,3789606.0
2023-10-07 20:56:58,3790315.0
2023-10-07 20:57:59,3790765.0
2023-10-07 20:59:00,3792715.0
2023-10-07 21:00:01,3793165.0
2023-10-07 21:01:02,3793414.0
2023-10-07 21:03:04,3794523.0
2023-10-07 21:05:05,3794772.0
2023-10-07 21:07:07,3795222.0
2023-10-07 21:11:11,3800169.0
2023-10-07 21:12:12,3800248.0
2023-10-07 21:13:13,3802198.0
2023-10-07 21:14:14,3804148.0
2023-10-07 21:16:15,3804397.0
2023-10-07 21:17:16,3805106.0
2023-10-07 21:20:21,3805556.0
2023-10-07 21:21:22,3806406.0
2023-10-07 21:23:24,3808356.0
2023-10-07 21:24:25,3809206.0
2023-10-07 21:26:27,3809455.0
2023-10-07 21:27:28,3810305.0
2023-10-07 21:28:29,3810755.0
2023-10-07 21:30:31,3810824.0
2023-10-07 21:32:33,3811674.0
2023-10-07 21:37:41,3813624.0
2023-10-07 21:41:45,3814143.0
2023-10-07 21:43:47,3814651.0
2023-10-07 21:44:48,3817710.0
2023-10-07 21:45:49,3818560.0
2023-10-07 21:51:55,3819410.0
2023-10-07 21:52:56,3820768.0
2023-10-07 21:55:59,3821477.0
2023-10-07 21:58:01,3821726.0
2023-10-07 21:59:02,3821795.0
2023-10-07 22:02:04,3823814.0
2023-10-07 22:04:06,3823883.0
2023-10-07 22:05:08,3824333.0
2023-10-07 22:07:11,3825183.0
2023-10-07 22:10:12,3825633.0
2023-10-07 22:11:13,3828091.0
2023-10-07 22:13:43,3832240.0
2023-10-07 22:15:59,3833339.0
2023-10-07 22:16:59,3833789.0
2023-10-07 22:19:06,3835139.0
2023-10-07 22:20:07,3835589.0
2023-10-07 22:21:08,3835838.0
2023-10-07 22:23:10,3836097.0
2023-10-07 22:28:15,3838047.0
2023-10-07 22:31:18,3838497.0
2023-10-07 22:32:19,3838746.0
2023-10-08 18:35:53,4513199.0
2023-10-08 18:36:57,4513649.0
2023-10-08 18:37:58,4514499.0
2023-10-08 18:38:59,4514758.0
2023-10-08 18:41:01,4515467.0
2023-10-08 18:42:02,4515917.0
2023-10-08 18:43:03,4516367.0
2023-10-08 18:45:05,4516817.0
2023-10-08 18:46:06,4518244.0
2023-10-08 18:47:07,4520522.0
2023-10-08 18:48:07,4522561.0
2023-10-08 18:49:08,4523069.0
2023-10-08 18:50:09,4525527.0
2023-10-08 18:51:10,4527086.0
2023-10-08 18:52:11,4527536.0
2023-10-08 19:08:56,4572631.0
2023-10-08 19:09:58,4574850.0
2023-10-08 19:53:32,4643734.0
2023-10-08 21:57:56,4796737.0
2023-10-08 23:26:11,4968563.0
2023-10-08 23:27:12,4970313.0
2023-10-08 23:28:13,4971271.0
2023-10-08 23:29:14,4972820.0
2023-10-08 23:30:16,4973270.0
2023-10-08 23:31:17,4978129.0
2023-10-08 23:32:18,4978579.0
2023-10-08 23:33:19,4980529.0
2023-10-08 23:34:20,4983379.0
2023-10-08 23:35:21,4985388.0
2023-10-08 23:36:22,4987397.0
2023-10-08 23:37:24,4988546.0
2023-10-08 23:38:25,4989504.0
2023-10-08 23:39:26,4993762.0
2023-10-08 23:40:27,4998112.0
2023-10-08 23:41:28,5000512.0
2023-10-08 23:42:29,5000962.0
2023-10-08 23:43:30,5004339.0
2023-10-08 23:44:31,5004789.0
2023-10-08 23:45:33,5007389.0
2023-10-08 23:46:34,5010689.0
2023-10-08 23:47:35,5011539.0
2023-10-08 23:49:37,5019007.0
2023-10-08 23:50:38,5019457.0
2023-10-08 23:51:39,5020156.0
2023-10-08 23:52:41,5021906.0
2023-10-08 23:53:42,5024756.0
2023-10-08 23:54:43,5025206.0
2023-10-08 23:57:46,5026264.0
2023-10-08 23:58:48,5027432.0
2023-10-08 23:59:49,5030669.0
2023-10-09 00:00:50,5031569.0
2023-10-09 00:02:53,5033969.0
2023-10-09 00:04:55,5037869.0
2023-10-09 00:05:56,5038118.0
2023-10-09 00:07:58,5038968.0
2023-10-09 00:09:00,5039418.0
2023-10-09 00:11:02,5039868.0
2023-10-09 00:13:04,5040977.0
2023-10-09 00:15:07,5041427.0
2023-10-09 00:16:08,5043377.0
2023-10-09 00:18:10,5043827.0
2023-10-09 00:19:11,5045777.0
2023-10-09 00:22:15,5046627.0
2023-10-09 00:27:20,5047135.0
2023-10-09 00:30:24,5048244.0
2023-10-09 00:36:31,5048694.0
2023-10-09 00:40:35,5049144.0
2023-10-09 00:41:37,5049594.0
2023-10-09 00:47:44,5049853.0
2023-10-09 00:53:51,5050102.0
2023-10-09 01:05:04,5050171.0
2023-10-09 01:07:07,5050679.0
2023-10-09 01:18:20,5051129.0
2023-10-09 01:20:22,5051198.0
2023-10-09 02:24:39,5051648.0
2023-10-09 02:45:03,5051907.0
2023-10-09 06:14:42,5053594.0
2023-10-09 06:23:08,5054102.0
2023-10-09 06:31:17,5054552.0
2023-10-09 06:43:32,5054641.0
2023-10-09 07:55:58,5054900.0
2023-10-09 08:36:07,5058743.0
2023-10-09 08:41:13,5058992.0
2023-10-09 08:42:14,5059442.0
2023-10-09 08:43:15,5059760.0
2023-10-09 08:46:19,5061710.0
2023-10-09 08:47:20,5062218.0
2023-10-09 09:04:42,5062536.0
2023-10-09 09:07:46,5063386.0
2023-10-09 09:10:49,5066113.0
2023-10-09 09:38:24,5066202.0
2023-10-09 09:44:32,5066451.0
2023-10-09 09:47:36,5068660.0
2023-10-09 09:49:38,5069438.0
2023-10-09 09:54:44,5069687.0
2023-10-09 09:55:46,5069756.0
2023-10-09 10:07:00,5069825.0
2023-10-09 10:11:05,5069894.0
2023-10-09 10:12:07,5071844.0
2023-10-09 10:17:13,5072093.0
2023-10-09 10:19:16,5072411.0
2023-10-09 10:25:24,5072500.0
2023-10-09 10:29:29,5073008.0
2023-10-09 10:30:31,5073326.0
2023-10-09 10:48:50,5073395.0
2023-10-09 10:49:51,5073654.0
2023-10-09 10:50:53,5073743.0
2023-10-09 10:55:15,5073992.0
2023-10-09 10:56:35,5075942.0
2023-10-09 10:57:36,5076792.0
2023-10-09 11:00:40,5077300.0
2023-10-09 11:03:46,5077549.0
2023-10-09 11:22:58,5080764.0
2023-10-09 11:25:27,5081614.0
2023-10-09 11:30:34,5082323.0
2023-10-09 11:36:41,5082842.0
2023-10-09 11:39:45,5083091.0
2023-10-09 11:54:03,5083599.0
2023-10-09 11:56:05,5084449.0
2023-10-09 11:57:07,5084518.0
2023-10-09 11:59:09,5086927.0
2023-10-09 12:05:17,5087777.0
2023-10-09 12:17:32,5088095.0
2023-10-09 12:29:47,5088344.0
2023-10-09 12:31:49,5088413.0
2023-10-09 12:41:01,5088672.0
2023-10-09 12:43:03,5090622.0
2023-10-09 13:03:28,5090871.0
2023-10-09 13:09:36,5091120.0
2023-10-09 13:15:43,5091379.0
2023-10-09 13:29:00,5091468.0
2023-10-09 13:39:13,5093418.0
2023-10-09 13:45:20,5093868.0
2023-10-09 13:50:27,5094186.0
2023-10-09 13:53:30,5096205.0
2023-10-09 13:55:33,5096294.0
2023-10-09 13:58:37,5098572.0
2023-10-09 14:01:41,5098641.0
2023-10-09 14:04:44,5098900.0
2023-10-09 14:18:02,5099218.0
2023-10-09 14:21:06,5099287.0
2023-10-09 14:41:33,5100137.0
2023-10-09 14:42:34,5102346.0
2023-10-09 15:06:10,5102415.0
2023-10-09 15:09:15,5102484.0
2023-10-09 15:10:18,5102743.0
2023-10-09 15:13:23,5103061.0
2023-10-09 15:15:25,5101111.0
2023-10-09 15:16:27,5101360.0
2023-10-09 15:36:10,5101609.0
2023-10-09 16:03:04,5102035.0
2023-10-09 16:06:49,5104435.0
2023-10-09 16:09:13,5104684.0
2023-10-09 16:30:59,5105603.0
2023-10-09 16:37:06,5106111.0
2023-10-09 16:46:15,5106768.0
2023-10-09 16:53:22,5107106.0
2023-10-09 16:54:23,5107395.0
2023-10-09 17:01:30,5108695.0
2023-10-09 17:08:36,5108944.0
2023-10-09 17:11:39,5109262.0
2023-10-09 17:20:49,5109521.0
2023-10-09 17:22:51,5109810.0
2023-10-09 17:26:55,5110069.0
2023-10-09 17:28:57,5110358.0
2023-10-09 17:36:04,5110607.0
2023-10-09 17:37:05,5111057.0
2023-10-09 17:42:10,5113156.0
2023-10-09 17:46:14,5113606.0
2023-10-09 18:50:30,5118248.0
2023-10-09 18:56:10,5118537.0
2023-10-09 18:59:13,5118826.0
2023-10-09 19:05:19,5119115.0
2023-10-09 19:06:20,5119184.0
2023-10-09 19:11:26,5119473.0
2023-10-09 19:13:28,5119923.0
2023-10-09 19:18:34,5120161.0
2023-10-09 19:20:36,5120450.0
2023-10-09 19:22:37,5120519.0
2023-10-09 19:24:40,5120808.0
2023-10-09 19:27:43,5120877.0
2023-10-09 19:33:49,5121126.0
2023-10-09 19:34:50,5121385.0
2023-10-09 19:40:56,5121674.0
2023-10-09 19:50:06,5121763.0
2023-10-09 19:54:10,5121202.0
2023-10-09 19:55:11,5121451.0
2023-10-09 20:03:02,5121520.0
2023-10-09 20:11:23,5122058.0
2023-10-09 20:16:28,5122307.0
2023-10-09 20:19:31,5123046.0
2023-10-09 20:21:33,5123424.0
2023-10-09 20:24:36,5123713.0
2023-10-09 20:33:45,5124002.0
2023-10-09 20:39:52,5124251.0
2023-10-09 20:43:56,5124409.0
2023-10-09 20:48:00,5124698.0
2023-10-09 20:51:03,5125016.0
2023-10-09 20:57:11,5125466.0
2023-10-09 21:06:20,5125755.0
2023-10-09 21:10:24,5128253.0
2023-10-09 21:24:33,5130203.0
2023-10-09 21:41:26,5130452.0
2023-10-09 21:43:28,5130741.0
2023-10-09 21:46:30,5131208.0
2023-10-09 22:13:23,5133417.0
2023-10-09 22:16:26,5135367.0
2023-10-09 22:31:39,5135626.0
2023-10-09 22:45:54,5135915.0
2023-10-09 22:48:56,5136204.0
2023-10-09 23:06:12,5136463.0
2023-10-09 23:11:16,5136752.0
2023-10-09 23:16:21,5138702.0
2023-10-09 23:26:29,5138991.0
2023-10-09 23:58:57,5139841.0
2023-10-09 23:59:58,5140189.0
2023-10-10 00:07:04,5142398.0
2023-10-10 01:24:08,5142647.0
2023-10-10 01:25:09,5142936.0
2023-10-10 03:16:40,5143386.0
2023-10-10 03:25:47,5143924.0
2023-10-10 04:48:56,5144242.0
2023-10-10 05:43:41,5144692.0
2023-10-10 06:13:05,5144981.0
2023-10-10 06:22:12,5145431.0
2023-10-10 06:43:27,5145680.0
2023-10-10 06:58:40,5145969.0
2023-10-10 07:06:47,5146218.0
2023-10-10 07:19:58,5146507.0
2023-10-10 07:27:05,5146057.0
2023-10-10 07:49:24,5145968.0
2023-10-10 07:56:30,5146257.0
2023-10-10 07:57:31,5146125.0
2023-10-10 08:04:36,5146374.0
2023-10-10 08:06:38,5148324.0
2023-10-10 08:09:41,5148832.0
2023-10-10 08:27:57,5149091.0
2023-10-10 08:34:02,5147141.0
2023-10-10 08:44:11,5146691.0
2023-10-10 08:45:11,5146780.0
2023-10-10 09:09:45,5147069.0
2023-10-10 09:12:47,5147919.0
2023-10-10 09:13:48,5147988.0
2023-10-10 09:14:49,5148077.0
2023-10-10 09:23:57,5148326.0
2023-10-10 09:34:06,5147476.0
2023-10-10 09:36:08,5149685.0
2023-10-10 09:40:12,5149934.0
2023-10-10 09:42:14,5150223.0
2023-10-10 09:53:25,5150482.0
2023-10-10 09:57:29,5150771.0
2023-10-10 10:06:37,5151060.0
2023-10-10 10:12:43,5151378.0
2023-10-10 10:26:56,5151667.0
2023-10-10 10:37:05,5151956.0
2023-10-10 10:40:55,5152314.0
2023-10-10 10:50:04,5153023.0
2023-10-10 11:06:19,5153860.0
2023-10-10 11:27:37,5154149.0
2023-10-10 11:38:49,5154438.0
2023-10-10 11:55:27,5154448.0
2023-10-10 12:17:47,5154697.0
2023-10-10 12:20:50,5154956.0
2023-10-10 12:41:09,5155665.0
2023-10-10 12:47:15,5155954.0
2023-10-10 12:51:19,5156203.0
2023-10-10 12:54:22,5156521.0
2023-10-10 12:56:24,5157128.0
2023-10-10 13:04:32,5159078.0
2023-10-10 13:05:33,5159655.0
2023-10-10 13:22:49,5161605.0
2023-10-10 13:24:51,5161155.0
2023-10-10 13:41:07,5161224.0
2023-10-10 13:56:23,5163423.0
2023-10-10 14:01:28,5163873.0
2023-10-10 14:04:31,5164162.0
2023-10-10 14:23:06,5404377.0
2023-10-10 14:33:15,5404666.0
2023-10-10 14:34:16,5404835.0
2023-10-10 14:36:18,5405730.0
2023-10-10 14:45:26,5406049.0
2023-10-10 14:52:33,5406944.0
2023-10-10 14:54:35,5407297.0
2023-10-10 15:13:53,5407782.0
2023-10-10 15:45:22,5408267.0
2023-10-10 15:55:31,5410959.0
2023-10-10 15:58:34,5411357.0
2023-10-10 16:08:43,5413651.0
2023-10-10 16:12:47,5413740.0
2023-10-10 16:13:48,5414382.0
2023-10-10 16:31:04,5416387.0
2023-10-10 16:35:08,5415902.0
2023-10-10 17:23:55,5416221.0
2023-10-10 17:36:08,5416495.0
2023-10-10 17:48:19,5416769.0
2023-10-10 17:52:23,5417088.0
2023-10-10 17:57:28,5417167.0
2023-10-10 18:00:31,5417256.0
2023-10-10 18:41:18,5417335.0
2023-10-10 19:05:42,5417654.0
2023-10-10 19:18:56,5417928.0
2023-10-10 19:29:30,5418413.0
2023-10-10 19:56:59,5419217.0
2023-10-10 20:10:13,5421222.0
2023-10-10 20:14:17,5421541.0
2023-10-10 20:18:22,5421939.0
2023-10-10 20:21:25,5422424.0
2023-10-10 20:22:26,5423032.0
2023-10-10 20:24:28,5423929.0
2023-10-10 20:26:31,5424203.0
2023-10-10 20:31:26,5424830.0
2023-10-10 20:34:29,5425104.0
2023-10-10 20:35:30,5425423.0
2023-10-10 20:38:33,5425697.0
2023-10-10 20:40:36,5425986.0
2023-10-10 20:42:39,5426305.0
2023-10-10 20:46:43,5426827.0
2023-10-10 20:47:44,5427146.0
2023-10-10 20:51:48,5427465.0
2023-10-10 20:52:49,5429955.0
2023-10-10 20:53:50,5430044.0
2023-10-10 20:55:52,5430318.0
2023-10-10 21:01:58,5430592.0
2023-10-10 21:13:10,5430945.0
2023-10-10 21:17:14,5431598.0
2023-10-10 21:18:16,5433603.0
2023-10-10 21:21:18,5435608.0
2023-10-10 21:23:20,5435123.0
2023-10-10 21:25:22,5435521.0
2023-10-10 21:26:23,5435840.0
2023-10-10 21:27:24,5436114.0
2023-10-10 21:32:28,5436433.0
2023-10-10 21:33:29,5437328.0
2023-10-10 21:36:32,5437955.0
2023-10-10 21:43:39,5438229.0
2023-10-10 21:48:44,5438548.0
2023-10-10 21:52:47,5438822.0
2023-10-10 21:53:48,5438946.0
2023-10-10 22:00:55,5441240.0
2023-10-10 22:09:02,5443245.0
2023-10-10 22:15:05,5443519.0
2023-10-10 22:16:06,5445524.0
2023-10-10 22:17:07,5445798.0
2023-10-10 22:21:10,5446072.0
2023-10-10 22:27:16,5447394.0
2023-10-10 22:39:31,5447668.0
2023-10-10 23:03:53,5449962.0
2023-10-10 23:11:00,5450447.0
2023-10-11 08:33:24,5469105.0
2023-10-11 08:42:43,5469379.0
2023-10-11 08:49:51,5469653.0
2023-10-11 08:50:52,5469972.0
2023-10-11 09:11:16,5470051.0
2023-10-11 09:13:19,5472135.0
2023-10-11 09:16:22,5472454.0
2023-10-11 09:22:30,5472939.0
2023-10-11 09:32:43,5473258.0
2023-10-11 09:35:47,5475263.0
2023-10-11 09:36:48,5475552.0
2023-10-11 09:41:54,5476115.0
2023-10-11 09:57:13,5476404.0
2023-10-11 09:58:15,5476997.0
2023-10-11 10:01:19,5477076.0
2023-10-11 10:20:42,5477155.0
2023-10-11 10:28:52,5477508.0
2023-10-11 10:30:55,5477861.0
2023-10-11 10:44:11,5478150.0
2023-10-11 10:53:22,5478635.0
2023-10-11 11:02:35,5478909.0
2023-10-11 11:04:38,5479183.0
2023-10-11 11:17:54,5479457.0
2023-10-11 11:18:55,5479746.0
2023-10-11 11:24:02,5480020.0
2023-10-11 11:27:06,5480294.0
2023-10-11 11:28:07,5480779.0
2023-10-11 11:31:11,5481264.0
2023-10-11 23:25:29,5510656.0
2023-10-12 10:22:33,5532694.0
2023-10-12 10:55:27,5534352.0
2023-10-12 10:59:32,5534671.0
2023-10-12 11:02:35,5534990.0
2023-10-12 11:18:54,5535264.0
2023-10-12 11:20:57,5535343.0
2023-10-12 11:37:16,5535906.0
2023-10-12 12:07:50,5536117.0
2023-10-12 12:17:01,5536602.0
2023-10-12 12:23:08,5537712.0
2023-10-12 12:26:11,5537986.0
2023-10-12 12:27:12,5538339.0
2023-10-12 12:40:27,5538903.0
2023-10-12 12:47:35,5540908.0
2023-10-12 12:53:42,5541318.0
2023-10-12 13:01:52,5541487.0
2023-10-12 13:16:09,5542017.0
2023-10-12 13:33:29,5542580.0
2023-10-12 13:45:43,5542854.0
2023-10-12 13:52:52,5543264.0
2023-10-12 13:57:58,5545269.0
2023-10-12 14:00:00,5546379.0
2023-10-12 14:10:12,5547489.0
2023-10-12 14:26:31,5547974.0
2023-10-12 14:29:35,5548869.0
2023-10-12 14:46:54,5549188.0
2023-10-12 14:53:01,5549462.0
2023-10-12 14:57:06,5551467.0
2023-10-12 14:58:07,5553472.0
2023-10-12 15:03:13,5553561.0
2023-10-12 15:11:23,5553850.0
2023-10-12 15:14:26,5554308.0
2023-10-12 15:18:31,5556313.0
2023-10-12 15:21:35,5555828.0
2023-10-12 15:25:39,5556102.0
2023-10-12 15:26:41,5556376.0
2023-10-12 15:41:58,5556786.0
2023-10-12 15:46:03,5557196.0
2023-10-12 15:54:12,5557606.0
2023-10-12 16:02:21,5560219.0
2023-10-12 16:07:27,5561329.0
2023-10-12 16:21:44,5561408.0
2023-10-12 16:39:05,5561971.0
2023-10-12 17:00:32,5561486.0
2023-10-12 17:01:33,5561775.0
2023-10-12 17:05:38,5562094.0
2023-10-12 17:11:45,5563204.0
2023-10-12 17:15:49,5565122.0
2023-10-12 17:32:11,5567127.0
2023-10-12 17:35:15,5566808.0
2023-10-12 17:42:23,5567127.0
2023-10-12 17:46:28,5567612.0
2023-10-12 17:47:29,5567901.0
2023-10-12 18:08:55,5568175.0
2023-10-12 18:19:07,5568449.0
2023-10-12 18:29:18,5568859.0
2023-10-12 18:37:28,5569754.0
2023-10-12 18:42:34,5569965.0
2023-10-12 18:46:39,5570573.0
2023-10-12 19:05:00,5570892.0
2023-10-12 19:08:03,5572897.0
2023-10-12 19:21:20,5573671.0
2023-10-12 19:30:31,5574644.0
2023-10-12 19:32:33,5574829.0
2023-10-12 19:37:40,5575314.0
2023-10-12 19:41:45,5575724.0
2023-10-12 19:51:58,5576043.0
2023-10-12 20:03:25,5576317.0
2023-10-12 20:04:27,5576591.0
2023-10-12 20:16:42,5576670.0
2023-10-12 20:33:01,5576959.0
2023-10-12 20:36:05,5577233.0
2023-10-12 20:37:06,5577586.0
2023-10-12 20:42:12,5578985.0
2023-10-12 20:45:15,5578500.0
2023-10-12 20:46:16,5579063.0
2023-10-13 09:37:21,5593886.0
2023-10-13 23:37:36,5624933.0
2023-10-14 10:27:33,5631987.0
2023-10-14 10:29:59,5632306.0
2023-10-14 11:13:54,5632474.0
2023-10-14 11:20:02,5634479.0
2023-10-14 12:13:08,5634753.0
2023-10-14 12:31:31,5635238.0
2023-10-14 12:35:36,5635648.0
2023-10-14 12:45:50,5635727.0
2023-10-14 12:49:55,5636001.0
2023-10-14 12:56:03,5638006.0
2023-10-14 12:59:07,5638416.0
2023-10-14 13:03:13,5638705.0
2023-10-14 13:28:46,5639115.0
2023-10-14 13:41:02,5639204.0
2023-10-14 13:56:21,5639478.0
2023-10-14 14:21:54,5640282.0
2023-10-14 14:33:08,5640845.0
2023-10-14 14:39:16,5641056.0
2023-10-14 14:45:24,5641664.0
2023-10-14 14:53:34,5641983.0
2023-10-14 15:04:48,5644675.0
2023-10-14 15:06:51,5644949.0
2023-10-14 15:22:09,5645268.0
2023-10-14 15:26:15,5645678.0
2023-10-14 15:32:22,5645997.0
2023-10-14 15:33:24,5646407.0
2023-10-14 15:38:30,5646892.0
2023-10-14 15:48:43,5648395.0
2023-10-14 15:59:57,5648474.0
2023-10-14 16:06:05,5648763.0
2023-10-14 16:08:08,5649173.0
2023-10-14 16:12:13,5649492.0
2023-10-14 16:24:28,5649811.0
2023-10-14 16:29:35,5649890.0
2023-10-14 16:30:36,5649969.0
2023-10-14 16:35:42,5650243.0
2023-10-14 17:00:14,5650851.0
2023-10-14 17:13:30,5651746.0
2023-10-14 17:29:51,5652156.0
2023-10-14 17:33:56,5652475.0
2023-10-14 17:35:58,5654480.0
2023-10-14 17:46:11,5655528.0
2023-10-14 17:48:13,5655713.0
2023-10-14 17:54:22,5655987.0
2023-10-14 18:05:35,5656076.0
2023-10-14 18:13:45,5656805.0
2023-10-14 18:54:36,5657079.0
2023-10-14 19:17:03,5659084.0
2023-10-14 19:21:08,5659569.0
2023-10-14 19:34:24,5659858.0
2023-10-14 19:58:55,5660177.0
2023-10-14 20:32:37,5659692.0
2023-10-14 21:06:17,5660045.0
2023-10-14 21:33:50,5660364.0
2023-10-14 21:34:51,5660045.0
2023-10-14 21:57:18,5661155.0
2023-10-14 22:02:25,5661718.0
2023-10-15 11:04:20,5668152.0
2023-10-15 11:09:36,5668505.0
2023-10-15 11:28:00,5668858.0
2023-10-15 12:57:44,5668937.0
2023-10-15 13:05:54,5670942.0
2023-10-15 13:18:09,5671427.0
2023-10-15 14:10:15,5671701.0
2023-10-15 16:12:49,5672811.0
2023-10-15 16:25:03,5672979.0
2023-10-15 16:34:14,5673389.0
2023-10-15 16:36:16,5673558.0
2023-10-15 16:54:39,5674043.0
2023-10-15 17:14:02,5674132.0
2023-10-15 17:17:05,5674301.0
2023-10-15 17:21:10,5675196.0
2023-10-15 18:56:11,5676410.0
2023-10-15 19:38:06,5676684.0
2023-10-15 19:39:08,5676958.0
2023-10-15 20:43:28,5677853.0
2023-10-15 20:46:32,5678416.0
2023-10-15 21:10:04,5678794.0
2023-10-15 21:22:21,5679068.0
2023-10-15 21:31:33,5679342.0
2023-10-15 21:58:06,5679695.0
2023-10-15 22:09:20,5679969.0
2023-10-16 12:32:24,5696799.0
2023-10-16 14:42:28,5702997.0
2023-10-16 15:36:37,5704107.0
2023-10-16 15:38:40,5704381.0
2023-10-16 15:49:54,5704700.0
2023-10-16 17:12:50,5706705.0
2023-10-16 17:34:16,5708789.0
2023-10-16 17:36:19,5709063.0
2023-10-16 17:58:47,5711068.0
2023-10-16 18:11:02,5711342.0
2023-10-16 18:12:03,5711421.0
2023-10-16 18:34:29,5711740.0
2023-10-16 18:37:33,5712514.0
2023-10-16 18:53:52,5714519.0
2023-10-17 11:13:53,5742581.0
2023-10-17 11:42:09,5743174.0
2023-10-17 11:52:21,5743767.0
2023-10-17 12:46:29,5744330.0
2023-10-17 13:13:01,5744815.0
2023-10-17 13:43:39,5745300.0
2023-10-17 13:48:45,5745619.0
2023-10-17 13:51:49,5745698.0
2023-10-17 14:09:09,5747201.0
2023-10-17 14:16:18,5747554.0
2023-10-17 14:17:19,5748039.0
2023-10-17 14:30:34,5748358.0
2023-10-17 14:37:43,5748447.0
2023-10-17 14:48:57,5748857.0
2023-10-17 15:03:15,5749967.0
2023-10-17 15:13:27,5750452.0
2023-10-17 15:18:34,5750726.0
2023-10-17 15:29:47,5751136.0
2023-10-17 15:37:57,5751744.0
2023-10-17 16:16:46,5752292.0
2023-10-17 16:36:11,5752702.0
2023-10-17 16:38:13,5753310.0
2023-10-17 16:46:23,5753584.0
2023-10-17 17:43:35,5753903.0
2023-10-17 17:48:42,5755072.0
2023-10-17 17:49:43,5755361.0
2023-10-17 17:50:44,5755771.0
2023-10-17 17:54:49,5756045.0
2023-10-17 18:46:51,5756134.0
2023-10-17 19:09:18,5756544.0
2023-10-17 19:28:44,5756623.0
2023-10-17 20:07:31,5756942.0
2023-10-17 20:14:39,5757261.0
2023-10-17 20:33:01,5757350.0
2023-10-17 20:41:10,5759383.0
2023-10-17 21:00:35,5759702.0
2023-10-17 21:08:45,5760070.0
2023-10-17 21:53:39,5760149.0
2023-10-17 21:54:40,5760360.0
2023-10-17 22:47:45,5761880.0
2023-10-17 22:51:53,5762775.0
2023-10-17 22:53:55,5763094.0
2023-10-17 23:14:20,5763368.0
2023-10-17 23:42:20,5763687.0
2023-10-18 10:15:51,5768362.0
2023-10-18 10:34:46,5769244.0
2023-10-18 10:38:51,5771857.0
2023-10-18 10:42:11,5772752.0
2023-10-18 10:54:26,5772841.0
2023-10-18 11:03:38,5773540.0
2023-10-18 11:41:25,5773859.0
2023-10-18 11:48:33,5774133.0
2023-10-18 12:03:52,5774407.0
2023-10-18 12:04:53,5774486.0
2023-10-18 12:12:01,5776780.0
2023-10-18 13:00:01,5777054.0
2023-10-18 13:14:19,5779378.0
2023-10-18 13:37:48,5779563.0
2023-10-18 13:43:55,5779852.0
2023-10-18 14:00:16,5779931.0
2023-10-18 15:00:19,5780341.0
2023-10-18 15:08:29,5780751.0
2023-10-18 15:12:34,5781861.0
2023-10-18 15:17:40,5781940.0
2023-10-18 15:44:11,5782259.0
2023-10-18 15:55:25,5782822.0
2023-10-18 16:11:21,5783141.0
2023-10-18 16:19:32,5783415.0
2023-10-18 17:00:23,5785420.0
2023-10-18 17:02:25,5785694.0
2023-10-18 17:31:01,5785968.0
2023-10-18 17:43:15,5786321.0
2023-10-18 17:48:22,5785878.0
2023-10-18 18:04:42,5786363.0
2023-10-18 18:29:12,5786637.0
2023-10-18 18:34:18,5786956.0
2023-10-18 18:52:41,5788961.0
2023-10-18 19:26:22,5789371.0
2023-10-18 19:40:39,5790481.0
2023-10-18 20:03:35,5790570.0
2023-10-18 20:10:44,5790844.0
2023-10-18 20:11:46,5790755.0
2023-10-18 20:13:48,5791029.0
2023-10-18 20:39:19,5792122.0
2023-10-18 20:56:17,5794127.0
2023-10-18 21:05:32,5794480.0
2023-10-18 21:08:35,5794799.0
2023-10-18 21:24:56,5795118.0
2023-10-18 21:26:58,5795471.0
2023-10-18 21:30:02,5796991.0
2023-10-18 21:35:08,5797344.0
2023-10-18 21:41:16,5797633.0
2023-10-18 21:45:21,5797952.0
2023-10-18 21:48:25,5798031.0
2023-10-18 21:55:34,5798350.0
2023-10-18 21:56:35,5798429.0
2023-10-18 22:05:48,5798718.0
2023-10-18 22:06:49,5798887.0
2023-10-18 22:09:53,5799297.0
2023-10-19 09:18:36,5803477.0
2023-10-19 09:55:27,5804646.0
2023-10-19 10:28:08,5804935.0
2023-10-19 11:01:49,5805209.0
2023-10-19 11:08:57,5805619.0
2023-10-19 11:11:00,5805938.0
2023-10-19 11:49:49,5806833.0
2023-10-19 12:43:27,5807122.0
2023-10-19 12:44:28,5807396.0
2023-10-19 13:16:53,5807670.0
2023-10-19 13:34:13,5807959.0
2023-10-19 13:45:27,5808248.0
2023-10-19 13:46:28,5808733.0
2023-10-19 14:05:53,5809086.0
2023-10-19 14:19:09,5809360.0
2023-10-19 14:34:28,5809634.0
2023-10-19 14:47:45,5811639.0
2023-10-19 15:00:00,5812247.0
2023-10-19 16:25:49,5812521.0
2023-10-19 16:37:03,5812795.0
2023-10-19 17:41:08,5814800.0
2023-10-19 18:17:36,5815153.0
2023-10-19 18:36:01,5815506.0
2023-10-19 19:09:45,5815595.0
2023-10-19 19:34:15,5816080.0
2023-10-19 19:45:29,5816565.0
2023-10-19 20:21:13,5817050.0
2023-10-19 20:32:27,5817219.0
2023-10-19 20:53:55,5817629.0
2023-10-19 21:22:15,5817708.0
2023-10-19 21:30:26,5817982.0
2023-10-19 21:35:32,5818467.0
2023-10-19 21:44:43,5818952.0
2023-10-19 23:06:21,5819305.0
2023-10-20 09:21:26,5828924.0
2023-10-20 09:25:45,5829243.0
2023-10-20 09:28:49,5830138.0
2023-10-20 09:30:51,5830548.0
2023-10-20 09:39:01,5830822.0
2023-10-20 09:48:13,5831000.0
2023-10-20 10:04:34,5831563.0
2023-10-20 10:22:57,5831973.0
2023-10-20 10:26:02,5832458.0
2023-10-20 10:39:17,5833021.0
2023-10-20 10:52:33,5833295.0
2023-10-20 10:58:41,5833384.0
2023-10-20 11:11:57,5836328.0
2023-10-20 11:14:00,5836647.0
2023-10-20 11:17:04,5837000.0
2023-10-20 11:18:05,5837267.0
2023-10-20 11:20:07,5837734.0
2023-10-20 11:21:09,5837912.0
2023-10-20 11:31:22,5839917.0
2023-10-20 11:50:48,5840006.0
2023-10-20 12:16:19,5840191.0
2023-10-20 12:28:35,5840601.0
2023-10-20 12:33:41,5840690.0
2023-10-20 12:36:44,5841187.0
2023-10-20 12:57:59,5841276.0
2023-10-20 12:59:01,5841565.0
2023-10-20 13:00:02,5841634.0
2023-10-20 13:01:03,5841723.0
2023-10-20 13:03:06,5842039.0
2023-10-20 13:06:09,5842108.0
2023-10-20 13:07:11,5843569.0
2023-10-20 13:11:16,5843780.0
2023-10-20 13:12:18,5843849.0
2023-10-20 13:15:21,5844007.0
2023-10-20 13:19:26,5844145.0
2023-10-20 13:21:29,5844392.0
2023-10-20 13:22:30,5844461.0
2023-10-20 13:25:34,5844550.0
2023-10-20 13:31:41,5844960.0
2023-10-20 13:36:47,5846965.0
2023-10-20 13:38:49,5847034.0
2023-10-20 13:39:51,5847308.0
2023-10-20 13:41:53,5847486.0
2023-10-20 13:43:56,5847575.0
2023-10-20 13:44:57,5847985.0
2023-10-20 13:46:59,5848123.0
2023-10-20 13:51:05,5848686.0
2023-10-20 14:04:20,5848824.0
2023-10-20 14:07:24,5848893.0
2023-10-20 14:11:29,5849140.0
2023-10-20 14:16:35,5851145.0
2023-10-20 14:17:36,5852502.0
2023-10-20 14:18:37,5852987.0
2023-10-20 14:20:40,5853545.0
2023-10-20 14:23:43,5853693.0
2023-10-20 14:25:46,5853782.0
2023-10-20 14:28:50,5853871.0
2023-10-20 14:39:03,5854356.0
2023-10-20 14:47:13,5854603.0
2023-10-20 14:48:14,5854991.0
2023-10-20 14:51:18,5855557.0
2023-10-20 14:55:23,5855784.0
2023-10-20 14:59:28,5856031.0
2023-10-20 15:00:29,5856278.0
2023-10-20 15:05:36,5856567.0
2023-10-20 15:25:00,5856636.0
2023-10-20 15:29:05,5857202.0
2023-10-20 15:30:07,5857360.0
2023-10-20 15:31:08,5857449.0
2023-10-20 15:46:28,5857607.0
2023-10-20 16:10:00,5857676.0
2023-10-20 16:12:02,5857923.0
2023-10-20 16:14:05,5858081.0
2023-10-20 16:27:24,5858170.0
2023-10-20 16:31:30,5858523.0
2023-10-20 16:32:31,5858592.0
2023-10-20 16:37:38,5858681.0
2023-10-20 16:44:47,5858849.0
2023-10-20 16:52:58,5859123.0
2023-10-20 16:53:59,5859212.0
2023-10-20 16:59:06,5859370.0
2023-10-20 17:04:12,5859617.0
2023-10-20 17:09:18,5859686.0
2023-10-20 17:17:29,5861691.0
2023-10-20 17:26:40,5861869.0
2023-10-20 17:36:53,5861958.0
2023-10-20 17:44:03,5862368.0
2023-10-20 17:46:05,5863478.0
2023-10-20 17:50:10,5863567.0
2023-10-20 17:55:17,5863977.0
2023-10-20 18:00:23,5864056.0
2023-10-20 18:08:04,5864125.0
2023-10-20 18:09:07,5864214.0
2023-10-20 18:10:09,5865109.0
2023-10-20 18:14:14,5865462.0
2023-10-20 18:33:39,5865709.0
2023-10-20 18:47:56,5865778.0
2023-10-20 19:01:13,5865867.0
2023-10-20 19:08:22,5865936.0
2023-10-20 19:17:34,5866294.0
2023-10-20 19:30:50,5866383.0
2023-10-20 19:33:54,5866630.0
2023-10-20 19:34:55,5866719.0
2023-10-20 19:50:14,5866788.0
2023-10-20 19:54:19,5866857.0
2023-10-20 20:01:28,5866946.0
2023-10-20 20:02:29,5867015.0
2023-10-20 20:04:31,5867104.0
2023-10-20 20:24:56,5867242.0
2023-10-20 20:46:21,5867311.0
2023-10-20 20:59:38,5867380.0
2023-10-20 21:00:39,5867449.0
2023-10-20 21:06:47,5867768.0
2023-10-20 21:10:52,5868247.0
2023-10-20 21:14:57,5868521.0
2023-10-20 21:23:06,5868768.0
2023-10-20 21:41:27,5869342.0
2023-10-20 21:50:37,5869500.0
2023-10-20 21:51:38,5869589.0
2023-10-20 21:53:41,5869658.0
2023-10-20 21:55:43,5869747.0
2023-10-20 21:56:44,5869826.0
2023-10-20 22:03:53,5870311.0
2023-10-20 22:12:03,5870400.0
2023-10-20 22:14:05,5870469.0
2023-10-20 22:15:06,5870558.0
2023-10-20 22:28:22,5870637.0
2023-10-20 22:38:34,5870911.0
2023-10-20 22:51:49,5870980.0
2023-10-20 22:53:52,5871069.0
2023-10-20 23:18:20,5871388.0
2023-10-20 23:29:33,5872283.0
2023-10-20 23:32:37,5872572.0
2023-10-21 00:05:15,5872819.0
2023-10-21 00:08:18,5872888.0
2023-10-21 00:37:52,5873046.0
2023-10-21 00:38:53,5874299.0
2023-10-21 00:39:54,5874746.0
2023-10-21 10:35:02,5877709.0
2023-10-21 15:00:00,5884880.0
2023-10-21 16:18:51,5886141.0
2023-10-21 16:20:54,5888146.0
2023-10-21 17:48:40,5888304.0
2023-10-21 18:20:18,5888393.0
2023-10-21 18:40:43,5888462.0
2023-10-21 18:51:57,5888751.0
2023-10-21 18:52:58,5889861.0
2023-10-21 18:54:00,5890283.0
2023-10-21 18:56:02,5890451.0
2023-10-21 19:21:33,5890530.0
2023-10-21 19:41:57,5890849.0
2023-10-21 20:23:47,5891123.0
2023-10-21 21:22:58,5891412.0
2023-10-21 21:40:19,5891570.0
2023-10-21 21:41:20,5891659.0
2023-10-22 22:08:15,5916720.0
2023-10-22 22:58:42,5916799.0
2023-10-22 22:59:44,5917118.0
2023-10-22 23:00:45,5917207.0
2023-10-22 23:02:47,5917526.0
2023-10-22 23:21:09,5917904.0
2023-10-22 23:28:17,5918467.0
2023-10-22 23:29:19,5920276.0
2023-10-23 08:50:19,5920423.0
2023-10-23 09:05:00,5920492.0
2023-10-23 09:07:02,5920581.0
2023-10-23 09:21:21,5920660.0
2023-10-23 09:30:32,5920934.0
2023-10-23 09:34:37,5921253.0
2023-10-23 09:38:42,5921596.0
2023-10-23 09:58:07,5922006.0
2023-10-23 10:46:05,5922491.0
2023-10-23 10:51:12,5922560.0
2023-10-23 11:57:06,5922629.0
2023-10-23 12:00:09,5923195.0
2023-10-23 12:11:22,5923333.0
2023-10-23 12:13:24,5923511.0
2023-10-23 12:33:49,5923580.0
2023-10-23 12:34:50,5923669.0
2023-10-23 12:37:54,5924643.0
2023-10-23 12:51:10,5925447.0
2023-10-23 12:52:11,5926213.0
2023-10-23 13:10:32,5926302.0
2023-10-23 13:11:33,5926796.0
2023-10-23 13:15:38,5927204.0
2023-10-23 13:23:48,5927293.0
2023-10-23 13:39:06,5927540.0
2023-10-23 13:40:08,5927950.0
2023-10-23 13:55:27,5928039.0
2023-10-23 13:59:32,5928197.0
2023-10-23 14:12:49,5928607.0
2023-10-23 14:13:51,5929791.0
2023-10-23 14:23:03,5930686.0
2023-10-23 14:46:31,5931250.0
2023-10-23 14:53:39,5931319.0
2023-10-23 15:02:50,5933324.0
2023-10-23 15:04:52,5933734.0
2023-10-23 15:06:55,5934023.0
2023-10-23 15:26:18,5934411.0
2023-10-23 15:39:34,5934500.0
2023-10-23 15:46:43,5934638.0
2023-10-23 15:47:44,5934991.0
2023-10-23 15:48:46,5935070.0
2023-10-23 16:05:05,5936180.0
2023-10-23 16:28:33,5936249.0
2023-10-23 16:54:03,5938254.0
2023-10-23 17:01:12,5938739.0
2023-10-23 17:09:22,5940744.0
2023-10-23 17:19:34,5941063.0
2023-10-23 17:33:52,5941221.0
2023-10-23 18:10:39,5941540.0
2023-10-23 18:14:44,5941698.0
2023-10-23 18:20:51,5942262.0
2023-10-23 18:36:09,5942670.0
2023-10-23 18:41:16,5942959.0
2023-10-23 18:44:19,5943048.0
2023-10-23 18:45:20,5943436.0
2023-10-23 19:16:58,5943725.0
2023-10-23 19:18:00,5943883.0
2023-10-23 19:23:06,5944068.0
2023-10-23 19:28:12,5944342.0
2023-10-23 19:58:48,5944068.0
2023-10-23 19:59:50,5944137.0
2023-10-23 20:20:15,5944453.0
2023-10-23 20:22:17,5944542.0
2023-10-23 20:27:23,5944621.0
2023-10-23 20:56:14,5944690.0
2023-10-23 21:05:26,5945100.0
2023-10-23 21:07:28,5945189.0
2023-10-23 21:11:34,5945258.0
2023-10-23 21:13:36,5945547.0
2023-10-23 21:15:38,5945821.0
2023-10-23 21:21:46,5946110.0
2023-10-23 21:25:51,5946384.0
2023-10-23 21:36:04,5947279.0
2023-10-23 21:46:16,5947553.0
2023-10-23 21:47:18,5947642.0
2023-10-23 21:50:22,5947853.0
2023-10-23 22:07:44,5947922.0
2023-10-23 22:15:54,5948817.0
2023-10-23 22:33:16,5949385.0
2023-10-23 22:42:28,5949674.0
2023-10-23 23:00:51,5949963.0
2023-10-23 23:19:11,5950032.0
2023-10-23 23:48:50,5950190.0
2023-10-24 09:17:45,5954673.0
2023-10-24 09:19:31,5954752.0
2023-10-24 09:36:52,5955179.0
2023-10-24 09:52:10,5956289.0
2023-10-24 09:59:19,5956699.0
2023-10-24 10:24:49,5956778.0
2023-10-24 10:38:06,5956867.0
2023-10-24 11:29:08,5957186.0
2023-10-24 11:51:36,5957265.0
2023-10-24 12:10:59,5957584.0
2023-10-24 12:24:15,5959589.0
2023-10-24 12:27:18,5959908.0
2023-10-24 12:28:19,5959977.0
2023-10-24 12:37:31,5960251.0
2023-10-24 12:42:37,5960525.0
2023-10-24 12:53:51,5960844.0
2023-10-24 13:05:04,5961739.0
2023-10-24 13:08:08,5961808.0
2023-10-24 13:32:37,5962171.0
2023-10-24 13:38:45,5964176.0
2023-10-24 13:42:50,5965360.0
2023-10-24 13:52:01,5967365.0
2023-10-24 13:56:05,5967434.0
2023-10-24 13:57:07,5967503.0
2023-10-24 13:58:08,5968477.0
2023-10-24 14:05:17,5970840.0
2023-10-24 14:15:29,5971159.0
2023-10-24 14:22:40,5971433.0
2023-10-24 14:23:41,5971831.0
2023-10-24 14:30:49,5972048.0
2023-10-24 14:34:54,5972458.0
2023-10-24 14:36:56,5972547.0
2023-10-24 14:57:21,5972705.0
2023-10-24 15:22:52,5972979.0
2023-10-24 15:26:57,5973253.0
2023-10-24 15:32:03,5973572.0
2023-10-24 16:11:52,5973661.0
2023-10-24 16:15:57,5974224.0
2023-10-24 16:31:26,5974498.0
2023-10-24 16:40:39,5974667.0
2023-10-24 16:45:46,5974941.0
2023-10-24 17:08:18,5975020.0
2023-10-24 17:36:53,5975294.0
2023-10-24 17:53:14,5975452.0
2023-10-24 18:22:50,5977457.0
2023-10-24 18:45:17,5977793.0
2023-10-24 18:46:18,5977862.0
2023-10-24 18:51:24,5978151.0
2023-10-24 18:58:33,5978470.0
2023-10-24 19:04:40,5979036.0
2023-10-24 19:05:41,5979931.0
2023-10-24 19:27:07,5980220.0
2023-10-24 19:30:11,5980467.0
2023-10-24 19:40:23,5980741.0
2023-10-24 19:52:38,5980968.0
2023-10-24 20:12:00,5981242.0
2023-10-24 20:27:18,5981321.0
2023-10-24 20:56:53,5983326.0
2023-10-24 21:35:38,5983573.0
2023-10-24 21:42:47,5983662.0
2023-10-24 22:04:13,5985667.0
2023-10-24 22:11:21,5985736.0
2023-10-25 09:04:01,5989131.0
2023-10-25 09:37:22,5989988.0
2023-10-25 09:40:25,5990262.0
2023-10-25 09:52:40,5990581.0
2023-10-25 10:03:54,5990870.0
2023-10-25 10:09:00,5991275.0
2023-10-25 10:13:04,5991868.0
2023-10-25 10:22:15,5992590.0
2023-10-25 10:25:19,5992864.0
2023-10-25 10:34:30,5992953.0
2023-10-25 11:23:28,5994063.0
2023-10-25 11:24:29,5994152.0
2023-10-25 11:41:50,5994241.0
2023-10-25 11:42:51,5994804.0
2023-10-25 11:45:54,5995078.0
2023-10-25 12:03:16,5995488.0
2023-10-25 12:10:25,5997493.0
2023-10-25 12:20:37,5997704.0
2023-10-25 12:31:51,5999998.0
2023-10-25 12:35:55,6000087.0
2023-10-25 12:58:23,6000653.0
2023-10-25 13:17:46,6000927.0
2023-10-25 13:26:57,6001493.0
2023-10-25 13:34:05,6001562.0
2023-10-25 13:37:09,6003567.0
2023-10-25 13:40:13,6003930.0
2023-10-25 13:46:21,6004019.0
2023-10-25 14:12:52,6004308.0
2023-10-25 14:26:09,6004466.0
2023-10-25 14:37:24,6004624.0
2023-10-25 14:39:26,6004703.0
2023-10-25 14:48:38,6004914.0
2023-10-25 15:02:55,6005194.0
2023-10-25 15:05:58,6005468.0
2023-10-25 15:07:00,6007473.0
2023-10-25 15:09:02,6007747.0
2023-10-25 15:13:07,6007816.0
2023-10-25 15:17:13,6008711.0
2023-10-25 15:18:14,6009143.0
2023-10-25 15:19:15,6009432.0
2023-10-25 15:20:16,6009570.0
2023-10-25 15:23:20,6009659.0
2023-10-25 15:25:23,6010069.0
2023-10-25 15:28:27,6013176.0
2023-10-25 15:32:32,6013465.0
2023-10-25 15:37:38,6013739.0
2023-10-25 15:40:42,6014634.0
2023-10-25 15:41:43,6015885.0
2023-10-25 15:50:55,6016204.0
2023-10-25 15:51:56,6017380.0
2023-10-25 15:53:59,6017768.0
2023-10-25 16:07:14,6018042.0
2023-10-25 16:09:17,6018200.0
2023-10-25 16:12:21,6019384.0
2023-10-25 16:15:24,6020027.0
2023-10-25 16:18:28,6020116.0
2023-10-25 16:20:31,6020343.0
2023-10-25 16:58:57,6021962.0
2023-10-25 17:07:16,6022946.0
2023-10-25 17:12:44,6024951.0
2023-10-25 17:15:48,6025240.0
2023-10-25 17:22:57,6025559.0
2023-10-25 17:26:01,6025969.0
2023-10-25 17:31:07,6026180.0
2023-10-25 17:35:12,6026665.0
2023-10-25 17:44:23,6026744.0
2023-10-25 17:45:25,6028838.0
2023-10-25 17:48:28,6029112.0
2023-10-25 17:56:38,6029431.0
2023-10-25 17:57:40,6029500.0
2023-10-25 17:59:42,6029747.0
2023-10-25 18:01:45,6030232.0
2023-10-25 18:02:46,6030506.0
2023-10-25 18:10:56,6031413.0
2023-10-25 18:15:01,6031482.0
2023-10-25 18:20:07,6032036.0
2023-10-25 18:23:11,6033020.0
2023-10-25 18:24:12,6033231.0
2023-10-25 18:43:37,6034126.0
2023-10-25 18:45:39,6034536.0
2023-10-25 18:51:48,6036815.0
2023-10-25 18:52:49,6036904.0
2023-10-25 18:53:51,6037184.0
2023-10-25 19:00:59,6039189.0
2023-10-25 19:03:01,6040588.0
2023-10-25 19:06:04,6040667.0
2023-10-25 19:13:13,6041777.0
2023-10-25 19:32:37,6044229.0
2023-10-25 19:36:42,6044807.0
2023-10-25 19:45:53,6045160.0
2023-10-25 19:47:56,6045371.0
2023-10-25 19:49:59,6045160.0
2023-10-25 19:52:01,6045889.0
2023-10-25 19:55:04,6046163.0
2023-10-25 19:59:09,6047058.0
2023-10-25 20:01:12,6047712.0
2023-10-25 20:03:14,6049717.0
2023-10-25 20:05:17,6049997.0
2023-10-25 20:08:20,6050407.0
2023-10-25 20:09:22,6052412.0
2023-10-25 20:27:46,6054417.0
2023-10-25 20:34:54,6055094.0
2023-10-25 20:36:57,6055504.0
2023-10-25 20:37:58,6055823.0
2023-10-25 20:45:07,6056233.0
2023-10-25 20:51:14,6057343.0
2023-10-25 22:05:11,6064488.0
2023-10-25 22:06:13,6065052.0
2023-10-25 22:12:21,6065121.0
2023-10-25 22:13:22,6065200.0
2023-10-25 22:24:35,6066095.0
2023-10-25 22:25:36,6066184.0
2023-10-25 22:27:38,6066253.0
2023-10-25 22:29:41,6066342.0
2023-10-25 22:30:42,6066661.0
2023-10-25 22:47:01,6068666.0
2023-10-25 22:49:03,6069440.0
2023-10-25 22:50:04,6069729.0
2023-10-25 23:00:16,6070622.0
2023-10-25 23:05:23,6070711.0
2023-10-25 23:08:26,6070790.0
2023-10-25 23:25:47,6071364.0
2023-10-26 00:11:40,6071849.0
2023-10-26 00:13:43,6072653.0
2023-10-26 00:40:13,6072811.0
2023-10-26 01:11:49,6073296.0
2023-10-26 02:07:54,6073706.0
2023-10-26 02:09:56,6073795.0
2023-10-26 02:15:01,6073964.0
2023-10-26 02:19:06,6074043.0
2023-10-26 02:39:29,6076048.0
2023-10-26 03:41:37,6076337.0
2023-10-26 05:30:41,6076822.0
2023-10-26 05:33:44,6076980.0
2023-10-26 05:44:57,6077049.0
2023-10-26 06:50:11,6077944.0
2023-10-26 06:56:18,6078013.0
2023-10-26 06:59:21,6078498.0
2023-10-26 07:09:34,6079302.0
2023-10-26 07:22:49,6079576.0
2023-10-26 07:27:55,6079665.0
2023-10-26 07:43:13,6080520.0
2023-10-26 08:27:05,6080731.0
2023-10-26 08:49:31,6080820.0
2023-10-26 09:13:34,6080909.0
2023-10-26 09:14:36,6080978.0
2023-10-26 09:32:57,6082088.0
2023-10-26 09:34:59,6082246.0
2023-10-26 09:48:16,6082731.0
2023-10-26 09:50:19,6083020.0
2023-10-26 10:08:41,6083178.0
2023-10-26 10:15:50,6083389.0
2023-10-26 10:19:55,6083468.0
2023-10-26 10:21:57,6083653.0
2023-10-26 10:29:06,6083927.0
2023-10-26 10:31:09,6084201.0
2023-10-26 10:32:10,6084897.0
2023-10-26 10:37:16,6085186.0
2023-10-26 10:40:20,6085671.0
2023-10-26 10:41:22,6086069.0
2023-10-26 10:45:27,6086158.0
2023-10-26 10:46:28,6086247.0
2023-10-26 10:56:41,6086425.0
2023-10-26 11:25:17,6086636.0
2023-10-26 11:30:24,6086317.0
2023-10-26 11:34:31,6087486.0
2023-10-26 11:40:38,6087555.0
2023-10-26 11:52:53,6087644.0
2023-10-26 11:53:54,6087782.0
2023-10-26 12:03:05,6088056.0
2023-10-26 12:11:15,6088330.0
2023-10-26 12:27:35,6088815.0
2023-10-26 12:32:41,6089168.0
2023-10-26 12:43:54,6089531.0
2023-10-26 12:53:05,6089600.0
2023-10-26 12:54:07,6090085.0
2023-10-26 13:42:02,6090154.0
2023-10-26 13:55:17,6090639.0
2023-10-26 14:02:25,6090958.0
2023-10-26 14:03:27,6091435.0
2023-10-26 14:08:33,6093729.0
2023-10-26 14:09:35,6093940.0
2023-10-26 14:33:03,6094177.0
2023-10-26 14:35:05,6094662.0
2023-10-26 14:40:12,6094751.0
2023-10-26 14:44:16,6095236.0
2023-10-26 14:56:31,6095510.0
2023-10-26 15:08:46,6095658.0
2023-10-26 15:19:59,6095932.0
2023-10-26 15:40:23,6096342.0
2023-10-26 15:49:41,6096511.0
2023-10-26 15:57:44,6096785.0
2023-10-26 15:59:47,6098790.0
2023-10-26 16:11:01,6098859.0
2023-10-26 16:12:02,6100864.0
2023-10-26 16:24:16,6101349.0
2023-10-26 16:30:24,6102313.0
2023-10-26 16:48:46,6103208.0
2023-10-26 17:15:19,6103833.0
2023-10-26 17:27:34,6104318.0
2023-10-26 17:34:42,6105502.0
2023-10-26 17:42:52,6105912.0
2023-10-26 17:46:57,6107022.0
2023-10-26 17:52:04,6109027.0
2023-10-26 18:06:22,6109106.0
2023-10-26 18:07:23,6109317.0
2023-10-26 18:45:08,6109636.0
2023-10-26 18:48:12,6109794.0
2023-10-26 18:53:18,6110624.0
2023-10-26 19:04:32,6111051.0
2023-10-26 19:06:34,6111140.0
2023-10-26 19:10:39,6112035.0
2023-10-26 19:17:48,6114040.0
2023-10-26 19:21:53,6113145.0
2023-10-26 19:47:24,6115150.0
2023-10-26 19:49:26,6117155.0
2023-10-26 19:50:27,6117429.0
2023-10-26 19:56:35,6117993.0
2023-10-26 20:03:44,6118403.0
2023-10-26 20:32:21,6118492.0
2023-10-26 20:41:31,6119387.0
2023-10-26 21:12:08,6119706.0
2023-10-26 21:29:30,6120601.0
2023-10-26 21:38:41,6121086.0
2023-10-26 21:41:44,6121375.0
2023-10-26 21:59:06,6122485.0
2023-10-26 22:14:24,6122623.0
2023-10-26 22:16:27,6122792.0
2023-10-26 22:50:08,6123111.0
2023-10-27 07:39:53,6128662.0
2023-10-27 07:46:29,6128936.0
2023-10-27 08:16:06,6129831.0
2023-10-27 08:18:09,6129900.0
2023-10-27 08:28:20,6130310.0
2023-10-27 08:42:37,6130379.0
2023-10-27 09:05:03,6130537.0
2023-10-27 09:07:06,6130890.0
2023-10-27 09:08:07,6132104.0
2023-10-27 09:15:16,6132393.0
2023-10-27 09:23:25,6132840.0
2023-10-27 09:34:37,6133114.0
2023-10-27 09:47:53,6133791.0
2023-10-27 09:52:59,6134110.0
2023-10-27 10:06:15,6135005.0
2023-10-27 10:10:20,6135358.0
2023-10-27 10:24:37,6135447.0
2023-10-27 10:29:43,6135766.0
2023-10-27 10:33:48,6136359.0
2023-10-27 11:02:23,6138364.0
2023-10-27 11:17:41,6139259.0
2023-10-27 11:42:11,6141264.0
2023-10-27 11:48:19,6141749.0
2023-10-27 12:01:34,6143754.0
2023-10-27 12:28:06,6144028.0
2023-10-27 12:32:11,6144117.0
2023-10-27 12:41:22,6144525.0
2023-10-27 12:45:27,6145010.0
2023-10-27 13:10:57,6145495.0
2023-10-27 13:16:03,6145574.0
2023-10-27 13:17:04,6145722.0
2023-10-27 13:32:22,6145890.0
2023-10-27 13:37:27,6147895.0
2023-10-27 13:41:32,6148669.0
2023-10-27 13:45:37,6149154.0
2023-10-27 14:10:06,6149473.0
2023-10-27 14:22:21,6149958.0
2023-10-27 14:26:27,6150853.0
2023-10-27 14:28:29,6151906.0
2023-10-27 14:46:53,6151985.0
2023-10-27 14:56:05,6152074.0
2023-10-27 14:59:09,6153038.0
2023-10-27 15:03:14,6153206.0
2023-10-27 15:13:27,6154101.0
2023-10-27 15:31:50,6154420.0
2023-10-27 15:34:53,6154739.0
2023-10-27 15:40:40,6155058.0
2023-10-27 16:05:11,6155543.0
2023-10-27 16:06:12,6157046.0
2023-10-27 16:18:27,6157115.0
2023-10-27 16:21:31,6157326.0
2023-10-27 16:31:44,6157811.0
2023-10-27 16:33:46,6157880.0
2023-10-27 16:46:01,6158169.0
2023-10-27 16:52:09,6158258.0
2023-10-27 17:04:24,6158743.0
2023-10-27 17:05:25,6159153.0
2023-10-27 17:11:32,6161158.0
2023-10-27 17:14:36,6161590.0
2023-10-27 17:38:03,6161679.0
2023-10-27 17:54:24,6162233.0
2023-10-27 17:57:27,6162507.0
2023-10-27 18:01:32,6162796.0
2023-10-27 18:09:42,6162885.0
2023-10-27 18:17:51,6163370.0
2023-10-27 18:28:04,6163581.0
2023-10-27 19:21:39,6164476.0
2023-10-27 19:56:20,6166560.0
2023-10-27 20:07:34,6166958.0
2023-10-27 20:11:39,6167853.0
2023-10-27 20:13:41,6168231.0
2023-10-27 20:15:44,6170236.0
2023-10-27 20:19:49,6170721.0
2023-10-27 20:23:54,6172726.0
2023-10-27 20:24:55,6173000.0
2023-10-27 20:25:57,6173274.0
2023-10-27 20:31:03,6173917.0
2023-10-27 20:35:08,6174206.0
2023-10-27 20:37:11,6174691.0
2023-10-27 20:38:12,6174869.0
2023-10-27 20:39:13,6175354.0
2023-10-27 20:40:14,6175764.0
2023-10-27 20:41:15,6175833.0
2023-10-27 20:42:17,6175922.0
2023-10-27 20:43:03,6176196.0
2023-10-27 20:44:05,6176206.0
2023-10-27 20:45:06,6179271.0
2023-10-27 20:46:07,6179681.0
2023-10-27 20:49:10,6180791.0
2023-10-27 20:50:12,6181110.0
2023-10-27 20:52:14,6182005.0
2023-10-27 20:53:16,6182571.0
2023-10-27 20:55:18,6182959.0
2023-10-27 20:57:20,6183048.0
2023-10-27 20:58:21,6184096.0
2023-10-27 21:00:23,6184274.0
2023-10-27 21:02:25,6185169.0
2023-10-27 21:03:27,6185258.0
2023-10-27 21:06:30,6185347.0
2023-10-27 21:08:33,6185436.0
2023-10-27 21:13:39,6186542.0
2023-10-27 21:14:40,6186631.0
2023-10-27 21:16:43,6186720.0
2023-10-27 21:17:44,6187009.0
2023-10-27 21:18:45,6187617.0
2023-10-27 21:19:46,6187706.0
2023-10-27 21:23:51,6187844.0
2023-10-27 21:27:57,6187923.0
2023-10-27 21:28:58,6188197.0
2023-10-27 21:31:18,6189092.0
2023-10-27 21:32:19,6189408.0
2023-10-27 21:34:22,6189497.0
2023-10-27 21:37:25,6189860.0
